{"cameraMode":{"drawMode":0,"name":"Shaded","section":"Shading Mode"},"sceneLighting":false,"audioPlay":false,"sceneViewState":{"showFog":true,"showMaterialUpdate":false,"showSkybox":false,"showFlares":true,"showImageEffects":true,"showParticleSystems":true},"in2DMode":false,"pivot":{"x":-0.6734976172447205,"y":0.06595863401889801,"z":-5.561125755310059},"rotation":{"x":-0.19060036540031434,"y":0.6677302122116089,"z":-0.1828700453042984,"w":-0.6959643959999085},"size":4.286825656890869,"orthographic":false}